Бренд,Наименование,Цена
Лукойл,Лукойл Люкс 5W-30 4л,3500
Лукойл,Лукойл Люкс 10W-40 1л,550
Лукойл,Лукойл Люкс 10W-40 4л,1800
Лукойл,Лукойл Genesis Universal 10W-40 4л,2600
Лукойл,Лукойл Genesis Universal 10W-40 1л,800
Лукойл,"Лукойл Genesis Polartech 0W-40, 4л",5400
Лукойл,Лукойл Genesis Polartech 0W-40 1л,1600
Лукойл,Лукойл Genesis Armortech JP 5W-30 4л,3900
Лукойл,Лукойл Genesis Armortech JP 5W-30 1л,1300
Лукойл,Лукойл Genesis Armortech GC 5W-30 1л,1500
Лукойл,"Лукойл Genesis Armortech FD 5W-30, 1л",1300
Лукойл,Лукойл Genesis Armortech FD 5W-30 4л,4200
Лукойл,Лукойл Genesis Armortech 5W-40 4л,3900
Лукойл,Лукойл Genesis Armortech 5W-40 1л,1300
Лукойл,Лукойл Genesis 5W-30 4л,3500
Лукойл,Лукойл Genesis 5W-30 1л,1200
ВМПАВТО,ВМПАВТО 5W-40 4л,4000
ВМПАВТО,ВМПАВТО 5W-30 4л,4000
ВМПАВТО,ВМПАВТО 10W-50 4л,5500
ВМПАВТО,ВМПАВТО 10W-40 4л,3000
ZIC,ZIC X-9 5W-40 LS 4л,5500
ZIC,ZIC X-9 5W-30 4л,5500
ZIC,ZIC X-7 5W-40 4л,4500
ZIC,ZIC X-7 5W-30 4л,4500
ZIC,ZIC ATF Multi 1л розлив,1000
ZIC,ZIC ATF Multi 1л,1200
Valvoline,Valvoline SynPower XL-III 5W-30 C3 4л,6700
Valvoline,Valvoline SynPower XL-III 5W-30 C3 1л,2000
Valvoline,Valvoline SynPower MST 5W-30 C3 4л,6400
Valvoline,Valvoline MaxLife 10W-40 5л,5700
Valvoline,Valvoline MaxLife 10W-40 1л,1300
Valvoline,Valvoline 5W-50 4л.,6500
Valvoline,Valvoline 5W-50 1л.,1800
Valvoline,Valvoline 5W-30 MAXLIFE C3 4л,5900
Valvoline,Valvoline 5W-30 MAXLIFE C3 1л.,1500
VAG,VAG VW Special Plus 5W-40 5л,9500
VAG,VAG VW Special Plus 5W-40 1л,1500
VAG,VAG VW Special G 5W-40 масло моторное 5л,6000
VAG,VAG VW Special G 5W-40 масло моторное 1л,1500
VAG,VAG VW LongLife 3 5W-30 5л,8000
VAG,VAG VW LongLife 3 5W-30 1л,2000
VAG,VAG VW LongLife 3 0W-30 5л,10500
VAG,VAG VW LongLife 3 0W-30 1л,2000
TOYOTA,TOYOTA New EU 5W-40 5л,6000
TOYOTA,TOYOTA New EU 5W-40 1л,1500
TOYOTA,TOYOTA 5W-40 5л,6500
TOYOTA,TOYOTA 5W-40 1л,1500
TOYOTA,TOYOTA 5W-30 5л,6500
TOYOTA,TOYOTA 5W-30 5л,6000
Total,Total Quartz Ineo 5W-30 4л,6000
Total,Total Quartz Ineo 5W-30 1л,1800
Total,Total nfc 5W-30 4л,5500
Total,Total nfc 5W-30 1л,1600
Total,Total LHM 1л,1800
Total,Total LDS 1л,2200
Total,Total DA 1л,2000
Total,Total 9000 HKS G-310 5W-30 5л,6400
Total,Total 9000 HKS G-310 5W-30 1л,2000
Total,Total 7000 10W-40 4л,4000
Total,Total 7000 10W-40 1л,1200
Teboil,Teboil Silver 10W-40 4л,3000
Teboil,Teboil Silver 10W-40 1л розлив,600
Teboil,Teboil Gold L 5W-40 масло моторное 1л.,800
Teboil,Teboil Gold 5W-40 1л розлив,800
Teboil,Teboil Gold 5W-30 4л,3500
Teboil,Teboil Gold 5W-30 1л розлив,800
Teboil,Teboil Diamond Fs 5W-30 4л,4500
Teboil,Teboil Diamond ECP 5W-30 4л,4500
Sintec,Sintec Platinum 5W-40 4л,3500
Sintec,Sintec Platinum 5W-40 1л,800
Sintec,Sintec 5W-30 4л,3500
Shell,Shell Ultra ECT C3 5W-30 1л розлив,1400
Shell,Shell HX8 5W-40 1л розлив,1100
Shell,SHELL HELIX ULTRA ECT C3 5W-30 4л,7500
Shell,SHELL HELIX ULTRA ECT C3 0W-30 5л,8000
Shell,SHELL HELIX ULTRA ECT C3 0W-30 1л,2000
Shell,SHELL HELIX ULTRA 5W-40 4л,6500
Shell,SHELL HELIX ULTRA 5W-40 1л,2000
Shell,SHELL HELIX ULTRA 0W-20 1л,2000
Shell,SHELL HELIX HX8 ECT 5W-30 5л,7000
Shell,SHELL HELIX HX8 ECT 5W-30 1л,2000
Shell,SHELL HELIX HX8 5W-40 4л,6500
Shell,SHELL HELIX HX8 5W-40 1л,1800
Shell,SHELL HELIX HX8 5W-30 4л,6500
Shell,SHELL HELIX HX8 5W-30 1л,1800
Shell,SHELL HELIX HX7 5W-40 4л,4500
Shell,SHELL HELIX HX7 5W-40 1л,1300
S-OIL,S-OIL7 red 0W-20 4л,6000
S-OIL,S-OIL7 red 0W-20 1л,1800
S-OIL,S-OIL7 OUTBOARD 2T 4л,5000
S-OIL,S-OIL7 ATF VI 4л,4100
S-OIL,S-OIL 5W-30 4л,5000
ROWE,ROWE HIGHTEC SYNT RS DLS 5W-30 4л,5800
ROWE,ROWE HIGHTEC SYNT RS DLS 5W-30 1л,1600
ROWE,ROWE HIGHTEC MULTI SYNT DPF 5W-30 4л,6700
ROWE,ROWE HIGHTEC MULTI SYNT DPF 5W-30 1л,1800
ROWE,ROWE HIGHTEC 5W-40 4л,6000
ROWE,ROWE HIGHTEC 5W-40 1л,1600
ROWE,ROWE ESSENTIAL LLP 5W-30 4л,5000
ROWE,ROWE ESSENTIAL LLP 5W-30 1л,1300
ROWE,ROWE ESSENTIAL FO 5W-30 4л,4500
ROWE,ROWE ESSENTIAL FO 5W-30 1л,1200
ROWE,ROWE ESSENTIAL 5W-40 4л,4500
ROWE,ROWE ESSENTIAL 5W-40 1л,1200
ROWE,ROWE ESSENTIAL 10W-40 4л,3700
ROWE,ROWE ESSENTIAL 10W-40 1л,1000
ROLF,ROLF GT 5W-40 4л металл,3300
ROLF,ROLF GT 5W-40 1л,1050
ROLF,ROLF GT 5W-30 A5/B5 4л металл,3500
ROLF,ROLF GT 5W-30 1л,1150
ROLF,ROLF Energy 10W-40 4л,2650
ROLF,ROLF Energy 10W-40 1л,900
ROLF,ROLF 5W-30 С3 4л,5000
ROLF,ROLF 5W-30 С3 1л,1400
ROLF,ROLF 3-Synthetic 5W-40 4л,4300
ROLF,ROLF 3-Synthetic 5W-40 1л,1400
REPSOL,REPSOL EVOLUTION 5W-30 4л,6500
REPSOL,REPSOL EVOLUTION 5W-30 1л,1600
REPSOL,REPSOL ELITE WV 504/507 5W-30 4л,6500
REPSOL,REPSOL ELITE WV 504/507 5W-30 1л,2000
REPSOL,REPSOL ELITE COSMOS F 5W-30 4л,6500
REPSOL,REPSOL ELITE COSMOS F 5W-30 1л,1600
REPSOL,REPSOL ELITE 5W-40 4л,6000
REPSOL,REPSOL ELITE 5W-40 1л,1600
NGN,NGN 5W-40 DIESEL 4л,4000
NGN,NGN 5W-30 MAXI SL/CF 4л,3000
NGN,NGN 5W-30 MAXI SL/CF 1л,800
NGN,NGN 5W-30 EFFICIENCY SN 4л,4600
NGN,NGN 5W-30 EFFICIENCY SN 1л,1300
NGN,NGN 10W-40 CF/SL 4л,3200
NGN,NGN 10W-40 CF/SL 1л,800
Motul,Motul Syn-nergy 5W-40 4l,6500
Motul,Motul 8100 X-clean 5W-40 5l,8500
Motul,Motul 8100 X-cess 5W-40 5l,8000
Motul,Motul 6100 5W-30 1l,1500
Motul,Motul 5W-30 4l,6500
Mobil,Mobil Super 3000 5W-40 4л,6500
Mobil,Mobil Super 3000 5W-40 1л,1600
Mobil,Mobil Super 3000 5W-30 4л,6500
Mobil,Mobil Super 3000 5W-30 1л,1600
Mobil,Mobil 10W-40 1л,800
Mobil,Mobil 1 ESP 5W-30 5л,7500
Mobil,Mobil 1 ESP 5W-30 4л,7500
Mobil,Mobil 1 ESP 5W-30 1л,2000
Mobil,Mobil 1 5W-50 4л,7500
Mobil,Mobil 1 5W-50 1л,2000
LIQUI MOLY,LIQUI MOLY Top Tec 4100 5W-40 4л,7500
LIQUI MOLY,LIQUI MOLY SHT 5W-40 4л,7500
LIQUI MOLY,LIQUI MOLY Molygen 5W-30 4л,7500
LIQUI MOLY,LIQUI MOLY AA 5W-30 5л,8500
Kixx,Kixx G1 SP 5W-30 4л,4500
Kixx,Kixx G1 SP 5W-30 1л,1300
Kixx,Kixx G1 SP 5W-40 4л,4100
Kixx,Kixx G1 SP 5W-40 1л,1300
Kixx,Kixx G1 A3/B4 5W-40 4л,4500
Kixx,Kixx G1 A3/B4 5W-40 1л,1400
Kixx,Kixx G1 A3/B4 5W-30 4л,4500
Kixx,Kixx G1 A3/B4 5W-30 1л,1400
Kixx,Kixx G1 5W-50 4л,4800
Kixx,Kixx G1 5W-30 Dexos1 4л,4500
Idemitsu,Idemitsu diesel 5W-30 4l,6500
Idemitsu,Idemitsu 5W-40 4l,6000
Idemitsu,Idemitsu 5W-30 4l,6000
Idemitsu,Idemitsu 0W-20 4l,6500
GM,GM Dexos2 5W-30 5л,5000
GM,GM Dexos2 5W-30 1л,1200
G-Energy,G-Energy Synthetic Super Start 5W-30 4л,3300
G-Energy,G-Energy Synthetic Super Start 5W-30 1л,900
G-Energy,G-Energy Synthetic Long Life 10W-40 4л,2000
G-Energy,G-Energy Synthetic Long Life 10W-40 1л,700
G-Energy,G-Energy Synthetic Far East 5W-30 4л,3300
G-Energy,G-Energy Synthetic Far East 5W-30 1л,900
G-Energy,G-Energy Synthetic Active 5W-40 4л,3000
G-Energy,G-Energy Synthetic Active 5W-40 1л,800
G-Energy,G-Energy Synthetic Active 5W-30 4л,3000
G-Energy,G-Energy Synthetic Active 5W-30 1л,800
G-Energy,G-Energy S-Synth 10W-40 4л,3000
G-Energy,G-Energy S-Synth 10W-40 1л,800
G-Energy,G-Energy Expert L 5W-40 4л,2400
G-Energy,G-Energy Expert L 10W-40 4л,1800
G-Energy,G-Energy Expert L 10W-40 1л,500
G-Energy,G-Energy Expert G 10W-40 4л,1600
G-Energy,G-Energy Expert G 10W-40 1л,450
G-Energy,G-Energy 5W-30 Synthetic Extra Life 4л,5400
G-Energy,G-Energy 5W-30 Synthetic Extra Life 1л,1400
Elf,"Elf Sporti 9 5W-30, 5л",4700
Elf,"Elf Sporti 9 5W-30, 1л",1100
Elf,"Elf Full-Tech Llx 5W-30, 5л",7000
Elf,"Elf Full-Tech Llx 5W-30, 1л",1600
Elf,"Elf Full-Tech Fe 5W-30, 5л",7500
Elf,"Elf Full-Tech Fe 5W-30, 1л",2000
Elf,"Elf Evolution 700 STI 10W-40, 5л",4500
Elf,"Elf Evolution 700 STI 10W-40, 1л",1200
Elf,ELF 900 SXR 5W-40 1л розлив,1000
Elf,Elf 900 SXR 5W-40 1л,1600
Elf,Elf 900 SXR 5W-40 5л.,6500
Elf,Elf 900 DID 5W-30 5л.,6500
Elf,Elf 900 DID 5W-30 1л.,1600
Castrol,Castrol 5W-40 4л,6500
Castrol,Castrol 5W-40 1л,2000
Castrol,Castrol 5W-30 4л,6500
Castrol,Castrol 5W-30 1л,2000
Bardahl,Bardahl XTEC 5W-30 4 л,7600
Bardahl,Bardahl XTEC 5W-30 1 л,2300
Bardahl,Bardahl XTC 5W-30 4л,5300
Bardahl,Bardahl XTC 5W-30 1л,1700
Bardahl,Bardahl 5W-40 Xtc 4л,5100
Bardahl,Bardahl 5W-40 Xtc 1л,1600
Bardahl,Bardahl 10W-40 Xtc 4л,4000
Bardahl,Bardahl 10W-40 Xtc 1л,1300
AUTOBACS,AUTOBACS 5W-40 4+1,4500
AUTOBACS,AUTOBACS 5W-30 4+1,4500
AUTOBACS,AUTOBACS 0W-20 4+1,4500
ARAL,ARAL Super Tronic K 5W-30 5л,7700
ARAL,ARAL Super Tronic K 5W-30 1л,1600
ARAL,ARAL High Tronic M 5W-40 4л,5400
ARAL,ARAL High Tronic M 5W-40 1л,1500
ARAL,ARAL High Tronic F 5W-30 4л,5200
ARAL,ARAL High Tronic F 5W-30 1л,1400
ARAL,ARAL High Tronic 5W-40 4л,5200
ARAL,ARAL High Tronic 5W-40 1л,1400
ARAL,Aral BlueTronic 10W-40 4л,3500
ADDINOL,ADDINOL FD 5W-30 5л,7000
ADDINOL,ADDINOL FD 5W-30 1л,1800
ADDINOL,ADDINOL c3 dx 5W-30 5л,7000
ADDINOL,ADDINOL c3 dx 5W-30 1л,1800
ADDINOL,ADDINOL C3 5W-40 4л,6500
ADDINOL,ADDINOL C3 5W-40 1л,1800
ADDINOL,ADDINOL C2 5W-30 5л,7000
ADDINOL,ADDINOL 5W-40 1л,1600
